transaction_id,is_fraud
9945,0
2602,0
343,0
3223,0
5217,0
7798,0
945,0
4713,0
9430,0
4625,0
4506,0
750,0
4025,0
6879,0
1550,0
2581,0
4281,0
8894,0
8352,0
7214,0
3203,0
7114,0
6491,0
2154,0
1802,0
4739,0
2790,0
6729,0
9273,0
9130,0
8191,0
2649,0
6834,0
8032,0
7358,0
1262,0
1523,0
9420,0
7124,0
9711,0
5429,0
6381,0
9197,0
9657,0
6315,0
14,0
1918,0
5695,0
5111,0
7009,0
5123,0
2111,0
9983,0
9509,0
8266,0
701,0
7657,1
9306,0
1711,0
62,0
2606,0
830,0
6726,0
3424,0
3775,0
5530,0
8928,0
5748,0
950,0
8170,0
1674,0
3292,0
9268,0
6917,0
6878,0
843,0
6097,0
9124,0
8957,0
7903,0
8954,0
4010,0
7213,0
1258,0
9655,0
2059,0
119,0
8670,0
3230,0
8071,0
5840,0
9174,0
9102,0
2171,0
8346,0
5389,0
4464,0
8122,1
4214,0
8820,0
6457,0
2409,0
3392,0
2079,0
7710,0
3873,0
5196,0
6722,0
4574,0
2781,0
1099,0
1841,0
4882,0
2012,0
7693,0
2092,0
9542,0
8962,0
3102,0
2710,0
3547,0
9489,0
1693,0
3955,0
7141,0
4951,0
532,0
3194,0
4323,0
22,0
1610,0
3639,0
6682,0
5319,0
9108,0
7475,0
5621,0
7095,0
8287,0
1517,0
3790,0
1117,0
3345,0
534,0
4040,0
9288,0
2748,0
3715,0
1715,0
7167,0
7612,0
6059,0
9584,0
3364,0
8468,0
4855,0
9483,0
7332,0
9203,0
2094,0
3553,0
4055,0
259,0
1068,0
7916,0
895,0
1196,0
9200,0
8176,0
2442,0
266,0
5435,0
2856,0
2797,0
7976,0
1411,0
840,0
8977,0
7397,0
4936,0
1485,0
2397,0
8177,0
1696,0
7012,0
4525,0
6131,0
8112,0
7959,0
7516,0
1268,0
7509,0
4520,0
8570,0
3762,0
1259,0
281,0
4573,0
7507,0
5379,0
3320,0
6365,0
5847,0
8236,0
5,0
595,0
1003,0
2114,0
6013,0
7537,0
6158,1
5799,0
7058,0
5186,0
5371,0
1504,0
5273,0
4753,0
3445,0
9643,0
9065,0
8929,0
4217,0
8970,0
7523,0
8542,0
6912,0
7975,0
991,0
785,0
9761,0
934,0
3061,0
5481,0
5852,0
7445,0
1970,0
2851,0
6395,0
5565,0
8805,0
2319,0
9098,0
3611,0
4306,0
2216,0
4838,0
1025,0
3475,0
3441,0
7807,0
8283,0
9505,0
9309,0
2959,0
8183,0
7575,0
3295,0
1692,0
2544,0
5164,0
10,0
6119,0
2229,0
9955,0
1859,0
6922,0
4086,0
8926,0
240,0
5136,0
5786,0
722,0
976,0
718,0
7325,0
1326,0
6405,0
4830,0
7600,0
2956,0
6368,0
2234,0
9954,0
6128,0
8905,0
4308,0
7664,0
5503,0
236,0
9310,0
1237,0
2894,0
9487,0
6843,0
877,0
9653,0
8730,0
4965,0
4357,0
490,0
6576,0
96,0
463,0
8639,0
7848,0
4230,0
1224,0
1324,0
7388,0
1489,0
4276,0
9346,0
7174,0
6066,0
4972,0
8819,0
7140,0
9506,0
6538,0
2377,0
2368,0
134,0
8792,0
36,0
1084,0
6112,0
6088,0
9223,0
8101,0
141,0
8712,0
3744,0
9854,0
9607,0
4688,0
1078,0
8649,0
1217,0
4960,0
5240,0
2983,0
5737,0
5471,0
7996,0
4291,0
4868,0
9590,0
997,0
6502,0
3149,0
1275,0
367,0
5679,0
9099,0
7634,0
8243,0
9289,0
3174,0
7698,0
4236,0
5892,0
453,0
2474,0
3622,0
8297,0
9352,0
3496,0
7110,0
970,0
7591,1
7158,0
129,0
2423,0
8115,0
5059,0
158,0
8363,0
3450,0
4719,0
7568,0
3109,0
4898,0
1937,0
5260,0
4387,0
6118,0
8976,0
419,0
1248,0
2177,0
7909,0
4042,0
1961,0
8664,0
1835,0
863,0
3532,0
3757,0
7313,0
5166,0
8215,0
1740,0
2521,0
4239,0
9626,0
6977,0
3726,0
3607,0
8205,0
7229,0
7184,0
4162,0
6379,0
3410,0
3736,0
9041,0
2,0
2511,0
2785,0
9314,0
2738,0
68,0
7699,0
1661,0
9007,0
2241,0
8229,0
6077,0
4919,0
8840,0
7926,0
3770,0
6904,0
3088,0
713,0
9757,0
1790,0
4251,0
1896,0
3191,0
9807,0
1233,0
1597,0
6914,0
5656,0
2976,0
547,0
1906,0
449,0
91,0
6637,0
3239,0
5090,0
5857,1
2764,0
911,0
9485,0
5676,0
4545,0
3509,0
4621,0
1673,0
7256,0
6580,0
8822,0
3301,1
475,0
8353,0
9283,0
4509,0
8523,0
1773,0
211,0
8268,0
5863,0
8020,0
5683,0
2008,0
4846,0
8441,0
1087,0
8322,0
8890,0
1295,0
6748,0
3830,0
1144,0
6116,0
1874,0
4272,0
2228,0
5837,0
4884,0
8143,0
6022,0
4815,0
7886,0
7452,0
4399,0
3154,0
8113,0
6481,0
6541,0
8525,0
6406,0
6434,0
7615,0
9705,0
6679,0
7051,0
2080,0
6537,0
3013,0
3078,0
6789,0
3879,0
6332,0
1046,0
3687,0
6814,0
2508,0
674,0
9305,0
6300,0
1032,0
9370,0
8371,0
5819,0
1716,0
9368,0
6160,0
3809,0
4012,1
682,0
776,0
3588,0
7834,0
9024,0
165,0
6724,0
5808,0
7404,0
8952,0
6423,0
5634,0
4752,0
6019,0
2778,0
4628,0
1991,0
960,0
4565,0
4062,0
290,0
1030,0
4455,0
6709,0
9384,0
1387,0
9988,0
2097,0
1260,0
5215,0
3567,0
4889,0
3447,0
1833,0
4188,0
6925,0
6084,0
8455,0
152,0
2681,0
7241,0
4550,0
870,0
6806,0
3227,0
7356,0
5968,0
3158,0
9402,0
2712,0
4913,0
909,0
3679,0
311,0
264,0
1251,0
1829,0
2943,0
4954,0
3006,0
8306,0
5360,0
3354,0
4974,0
592,0
3130,0
9336,0
346,0
9062,0
6672,0
5652,0
9856,0
3507,0
5385,0
535,0
2029,0
6341,0
4569,0
5023,0
8514,0
6636,0
4662,0
5627,0
967,0
1432,0
7301,0
7177,0
8211,0
4346,1
7102,0
8947,0
2765,0
1979,0
1355,0
9055,0
7429,0
5533,0
2412,0
1267,0
6051,0
2103,0
4883,0
8203,0
8931,0
3104,0
7123,0
8444,0
9579,0
55,0
6479,0
3241,0
1624,1
9036,0
5718,0
8550,0
3294,0
1483,0
4068,0
8757,0
1008,1
3381,0
6650,0
2138,0
3773,0
4927,0
2484,0
4169,0
5542,0
8987,0
6987,0
1956,0
2991,0
1458,0
8843,0
4676,0
3904,0
5420,0
8124,0
7678,0
4317,0
8800,0
4970,1
4725,0
4909,0
2534,0
5285,0
1364,0
908,0
7545,0
2026,0
6874,0
9617,0
1797,0
2075,0
2776,0
273,0
2462,0
6142,0
2680,0
8258,0
5148,0
2869,0
6089,0
973,0
1310,0
4435,0
5033,0
7990,0
9970,0
1076,0
6387,0
5958,0
6235,0
2583,0
8430,0
9821,0
5660,0
6184,0
2363,0
5658,0
7136,0
9129,0
7084,0
6718,0
8594,0
2638,0
130,0
935,0
8381,0
9426,0
4983,0
8686,0
9731,0
8608,0
3787,0
3875,0
5375,0
7227,0
1186,0
9556,0
3122,0
6549,0
9154,0
7594,0
9902,0
9228,0
5738,0
6920,0
5537,1
7811,0
1723,0
4522,0
1650,0
5343,1
6348,0
4361,0
5132,0
1306,1
7994,0
8323,0
1209,0
7335,0
4932,0
2835,0
612,0
334,0
5719,0
9066,0
5052,0
380,0
1080,0
4501,0
8335,0
6623,0
731,0
8714,0
2756,0
6727,0
9734,0
8562,0
4270,0
5190,0
3327,0
5439,0
8365,0
5289,0
5404,0
9120,0
1735,0
1005,0
7232,0
570,0
6787,0
5872,0
1709,0
7767,0
7632,0
322,0
8948,0
7005,0
21,0
4103,0
6287,0
8189,0
7611,0
5517,0
4601,0
3662,0
4858,0
8118,0
1962,0
3021,0
2444,0
4150,0
5331,0
7543,0
7899,1
7970,0
2889,0
6711,0
4438,0
9800,0
8678,0
2330,0
118,0
6745,0
2424,0
3022,0
2934,0
1611,0
2813,0
580,0
5884,0
1664,0
7408,0
3802,0
217,0
9038,0
7538,0
7402,0
5261,0
8288,0
5708,1
5770,1
3756,0
2792,0
8186,0
6776,0
5897,0
6338,0
3823,0
3653,0
9762,0
7504,0
4285,0
7144,0
9254,0
3979,0
2032,0
5223,0
3407,0
5845,0
8409,0
9294,0
4181,0
4375,0
4258,0
2139,0
2916,0
5994,0
8761,0
3397,0
6391,0
162,0
9741,0
1284,0
3670,0
8087,0
1958,0
546,0
9760,0
6357,0
5290,0
9624,0
786,0
8939,0
7050,0
2862,0
6778,0
8656,0
9775,0
8135,0
9843,0
9946,0
1169,0
563,0
5096,0
2897,0
1572,0
6086,0
2789,0
5975,0
5669,0
8490,0
6115,0
7281,0
1033,0
1876,0
9226,0
2601,0
4887,0
2306,0
396,0
5794,0
4044,0
4364,0
9838,0
3660,0
8498,0
8704,0
868,0
6344,0
4735,0
4386,0
9073,0
7639,0
846,0
1321,0
5489,0
3500,0
1139,0
8666,0
807,0
7349,0
3733,0
3901,0
7878,0
3927,0
9879,0
253,0
1285,0
8632,0
9085,0
66,0
2859,0
4528,0
9557,0
3704,0
1090,0
1044,0
2842,0
2547,0
285,0
4474,0
2908,0
3827,0
6578,0
3522,0
1899,0
5433,0
9349,0
939,0
6850,0
3384,0
7038,0
978,0
8527,0
3858,0
3655,0
369,0
9898,0
664,0
6946,0
8485,0
7237,0
9852,0
8489,0
6599,0
5586,0
7527,0
8708,0
4316,0
5055,0
4971,0
4070,0
5143,0
7565,0
3698,0
6995,0
7254,0
8327,0
7915,0
56,0
9018,0
1389,0
401,0
1607,0
2608,0
7116,0
2022,0
7411,0
2757,0
7031,0
5025,0
3543,0
5377,0
5005,0
9074,0
6849,0
3197,0
8512,0
9313,0
2784,0
2911,0
397,0
7954,0
8896,0
5315,0
6649,0
7772,0
3700,0
3089,0
3906,0
2875,0
6860,0
5552,0
4329,0
7630,0
8361,0
2524,0
4300,0
9982,0
5626,0
1603,0
8784,0
6339,0
3015,0
8110,0
6204,0
9148,0
3564,0
3748,0
4826,0
556,0
1375,0
79,0
3796,0
1743,0
5887,0
4643,0
848,0
5010,0
5254,0
1184,0
2434,0
2175,0
3231,0
9660,0
4576,0
9931,0
3492,0
1557,0
2197,0
497,0
7791,0
2941,0
9452,0
5827,0
2466,0
7217,0
9998,0
3774,0
7444,0
9951,0
1221,0
7357,0
8797,0
3849,0
645,0
7274,0
424,0
3972,0
6884,0
5325,0
5666,0
6697,0
194,0
2081,0
6694,0
6,0
1410,0
6653,0
6983,0
6253,0
9859,0
1063,0
9469,0
2514,0
8139,0
9834,0
937,0
8564,0
1766,0
5625,0
3245,0
2824,0
9818,0
4243,0
8607,0
7940,0
3473,0
137,0
1353,0
9490,0
7519,0
8563,0
6017,0
642,0
6765,0
1689,0
1402,0
1884,0
7683,0
6547,0
5085,0
2783,0
5430,0
6943,0
980,0
2582,1
9791,0
5480,0
4249,0
2146,0
9642,0
1668,0
6593,0
5197,0
1408,0
7344,0
3977,0
4431,0
941,0
1316,0
9932,0
5185,0
5580,0
2018,0
2191,0
3090,0
1332,0
8471,0
968,0
3821,0
1944,0
2868,0
8006,0
74,0
7830,0
1948,0
4624,0
5712,0
206,0
1717,0
3472,0
8029,0
3695,0
2589,0
275,0
2706,0
2468,0
2170,0
741,0
9682,0
8747,0
1018,0
1365,0
9137,0
144,0
9035,0
1311,0
1022,0
2740,0
4203,0
972,0
8111,0
1872,0
6001,0
2240,0
426,0
5182,0
2884,0
9327,0
985,0
5169,0
1039,0
3614,0
6269,0
6275,0
3991,0
3948,0
6152,0
8966,0
632,0
5715,0
4709,0
8771,0
4571,0
9229,0
9238,0
5576,0
9414,0
193,0
5340,0
8476,0
3003,0
6848,0
5687,0
3226,0
652,0
9458,0
1518,0
3399,0
822,0
12,0
838,0
6257,0
4698,0
1708,0
3427,0
7292,0
1581,0
8165,0
2064,0
7461,0
2753,0
7080,0
4050,1
8120,0
3283,0
2968,0
3966,0
5364,0
1794,0
5270,0
6386,0
4917,0
7240,0
1544,0
4433,0
3358,0
1463,0
1712,0
1883,0
4225,0
6271,0
4835,0
9459,0
5320,0
4721,0
3915,0
6360,0
4298,0
1431,0
9279,0
4107,0
7309,0
8315,0
7119,0
1647,0
4508,0
9883,0
6932,0
8174,0
9656,0
5154,0
5651,0
7063,0
1077,0
841,0
8893,0
4215,0
6207,0
2083,0
7430,0
8807,0
2030,0
1083,0
5952,0
9486,0
7697,0
3568,0
4405,0
983,0
1210,0
9045,0
9645,0
2644,0
3476,0
7768,0
5829,0
4495,0
8581,0
2726,0
2877,0
8439,0
5338,0
2631,1
9638,0
9989,0
6651,0
3232,0
6564,0
6919,0
3135,0
5047,0
9668,0
7797,0
9086,0
4078,0
4877,0
4279,0
1793,0
794,0
8526,0
5496,0
9566,0
2853,0
2617,0
2471,0
2400,0
9205,0
4368,0
7818,0
2002,0
3637,0
8804,0
7607,0
2779,0
1363,0
2239,0
4924,0
9478,0
7448,0
5557,0
4990,0
3486,0
9635,0
2426,0
2758,0
1823,0
714,0
8831,0
9725,0
6054,0
1548,0
1173,0
9012,0
8253,0
1945,0
3630,0
8934,0
7985,0
9393,0
4750,0
1667,0
9851,0
3099,0
5610,0
5264,0
1320,0
9952,0
2923,0
4475,0
5175,0
5066,0
4607,0
7469,0
2831,0
6519,0
8854,0
8496,0
8980,0
6397,0
7370,0
9365,0
4186,0
4570,0
9492,0
871,0
6430,0
2469,0
2554,0
3799,0
6566,0
5630,0
2595,0
8150,0
3642,0
2719,0
8718,0
8308,0
6416,0
5785,0
9743,0
1013,0
4056,0
3619,0
9628,0
7604,0
9440,0
6331,0
4893,0
9979,0
8691,0
3277,0
4498,0
6288,0
4862,0
5980,0
1412,0
3737,0
3925,0
5203,0
5395,0
9233,0
1781,0
7230,0
8732,0
7736,1
3508,0
8137,0
649,0
350,0
3094,0
8391,0
2827,0
1346,0
5403,0
9673,0
3167,0
5383,0
9799,0
6508,0
1034,0
8263,0
6021,0
1001,0
7100,0
1271,0
390,0
4482,0
1328,0
4813,0
4632,0
3836,0
5953,0
2296,0
3432,0
5109,0
4088,0
8717,0
9231,0
2917,0
4140,0
7810,0
1337,0
627,0
4937,0
2082,0
3035,0
7194,0
676,0
9754,0
5538,0
7234,0
9548,0
7057,0
210,0
7781,0
5724,0
4196,0
9413,0
4353,0
5243,0
2437,0
2536,0
4260,0
8305,0
678,0
8569,0
9815,0
1298,0
377,0
6476,0
9987,0
2817,0
4502,0
791,0
8140,0
4814,0
7765,0
7156,0
9503,0
7684,0
7094,0
3937,0
7931,0
1203,0
6893,0
4463,0
5231,0
7296,0
521,0
5875,0
3805,0
4518,1
8129,0
6293,0
2545,0
3528,0
9974,1
6658,0
7391,0
6336,0
3649,0
1869,0
5455,0
7550,0
9637,0
5539,0
6526,0
1286,0
4179,0
5478,0
4250,0
8415,0
76,0
2676,0
9395,0
7859,0
9549,0
2394,0
3276,0
7556,0
3939,0
1409,0
2236,0
6473,0
7666,0
820,0
7677,0
971,0
6844,0
5399,0
619,0
1556,1
1632,0
6138,0
8473,0
2096,0
9353,0
8785,0
5711,0
6896,0
7303,0
1167,0
6926,0
1854,0
2682,0
6786,0
8104,0
7669,0
6889,0
8876,0
800,0
6882,0
5458,0
3560,0
8074,0
5131,0
4084,0
7957,0
3689,0
1634,0
3378,0
3116,0
5751,0
4572,0
6408,0
3911,0
8034,0
5165,0
1764,0
3051,0
3430,0
7949,0
7987,0
9005,0
7267,0
2173,0
7128,0
4516,0
5508,0
4222,0
3303,0
2517,0
1498,0
7741,0
2135,0
582,0
732,0
6398,0
7850,0
5861,0
7387,0
7775,0
7753,0
6419,0
3206,0
6816,0
6754,0
7718,0
3278,0
8171,0
1926,0
7216,0
2159,0
6996,0
100,0
2762,0
5991,0
7511,0
3889,0
3923,1
5314,0
5893,0
6966,0
6225,0
7198,0
8206,0
5259,0
5962,0
3209,0
3348,0
8684,0
3401,0
8019,0
6219,0
4714,0
4988,0
1930,0
491,0
6390,0
149,0
511,0
1058,0
5907,0
4547,0
880,0
1738,0
411,0
7960,0
6192,0
2406,0
538,0
4337,0
2495,0
5475,0
2724,0
6075,0
7143,0
7902,0
1004,0
4304,1
1568,0
8463,0
2635,0
43,0
4106,0
8829,0
3483,0
1722,0
4205,0
6180,0
5571,0
2384,0
9722,0
3909,0
1847,0
3693,0
1553,0
4247,0
2001,0
8295,0
7007,0
587,0
784,0
1765,0
9663,0
8126,0
1981,0
6554,0
6464,0
5768,0
6762,0
8285,0
1676,0
7172,0
239,0
3824,0
7610,0
1416,0
9768,0
8045,0
7008,0
6655,0
7118,0
2452,0
4866,0
5271,0
413,0
2281,0
8224,0
7792,0
7052,0
6191,0
9825,0
7257,0
3574,0
5821,0
5359,0
3518,0
9371,0
1119,0
4296,0
39,0
3657,0
7930,0
2604,0
9048,0
6102,0
1617,0
3420,0
1155,0
2390,0
8341,0
7839,0
4689,0
7846,0
1739,0
201,0
6674,0
9192,0
6750,0
3069,0
567,0
3436,0
1095,0
6372,0
2431,0
7647,0
5976,0
3143,0
3147,0
2690,0
643,0
3488,0
1293,0
7331,0
7242,0
1141,0
8049,0
5334,0
8613,0
4810,0
729,0
839,0
5322,0
1507,0
228,0
5304,0
7817,0
4131,0
7640,0
8698,0
7171,0
3412,0
3502,0
6888,0
5691,0
1549,1
3004,0
4507,0
3696,0
3132,0
6876,0
2150,0
4962,0
2106,0
368,0
5511,0
1964,0
4091,0
4693,0
9985,0
933,0
7383,0
307,0
2914,0
5632,0
4797,0
1566,0
3121,0
467,0
7855,0
9460,0
1305,0
3817,0
4511,0
7338,0
7074,0
3050,0
9337,0
8399,0
7055,0
2460,0
4489,0
4947,0
2657,0
4342,0
4421,0
6938,0
6900,0
3429,0
3626,0
1586,0
9708,0
2585,0
4335,0
5160,0
7932,0
3321,0
9297,0
3389,0
3589,0
8855,0
2995,0
6239,0
4372,0
7263,0
5855,0
6201,0
1792,0
7362,0
7085,0
7540,0
7323,0
953,0
3055,0
9446,0
2646,0
9560,0
6766,0
7307,0
8378,0
4568,0
586,0
1631,0
7746,0
6023,0
6071,0
7487,0
8650,0
9911,0
743,0
7468,0
7700,0
7687,0
9872,0
9554,1
6396,0
1885,0
8452,0
5461,0
9750,0
8152,0
3029,0
809,0
9670,0
2256,0
9517,0
357,0
6049,0
5207,0
8818,0
916,0
6639,0
703,0
3269,0
4807,0
6586,0
6135,0
2226,0
4542,0
5043,0
7024,0
6124,0
9714,0
229,0
3871,0
9418,0
893,0
9308,0
5562,0
7457,0
3281,0
8359,0
2612,0
6705,0
3075,0
4436,0
3067,0
2883,0
157,0
2375,0
9394,0
2819,0
3207,1
4284,0
6041,0
1081,0
107,0
1788,0
681,0
7432,0
6445,0
4620,0
7803,0
1653,0
4747,0
686,0
523,0
3780,0
4931,0
6602,0
7019,0
2088,0
6286,0
3997,0
8245,0
4989,0
660,0
6615,0
5050,0
2677,0
7528,0
4646,0
6821,0
8574,0
7149,0
3563,0
4021,0
6779,0
7006,0
306,0
7889,0
646,1
2065,0
549,0
4529,0
6015,0
2936,0
8509,0
6755,0
9385,0
6147,0
513,0
3839,0
1827,0
4642,0
648,0
4873,0
8572,0
299,0
9121,0
5996,0
2920,0
9530,0
2058,0
4218,0
4803,0
5205,0
1939,0
4781,0
8069,0
2532,0
5127,0
8328,0
7840,0
5957,0
9419,0
8903,0
7239,0
2965,0
5854,0
